ID,NAME,CREATED_AT,UPDATED_AT
1,A,29/10/2010 10:29,30/10/2010 10:29
2,ACAP,29/10/2010 10:29,30/10/2010 10:29
3,ACL,29/10/2010 10:29,30/10/2010 10:29
4,ADAM,29/10/2010 10:29,30/10/2010 10:29
5,ADVANC,29/10/2010 10:29,30/10/2010 10:29
6,AEONTS,29/10/2010 10:29,30/10/2010 10:29
7,AFC,29/10/2010 10:29,30/10/2010 10:29
8,AGE,29/10/2010 10:29,30/10/2010 10:29
9,AH,29/10/2010 10:29,30/10/2010 10:29
10,AHC,29/10/2010 10:29,30/10/2010 10:29
11,AI,29/10/2010 10:29,30/10/2010 10:29
12,AIM,29/10/2010 10:29,30/10/2010 10:29
13,AIT,29/10/2010 10:29,30/10/2010 10:29
14,AJ,29/10/2010 10:29,30/10/2010 10:29
15,AKR,29/10/2010 10:29,30/10/2010 10:29
16,ALUCON,29/10/2010 10:29,30/10/2010 10:29
17,AMAC,29/10/2010 10:29,30/10/2010 10:29
18,AMATA,29/10/2010 10:29,30/10/2010 10:29
19,AMC,29/10/2010 10:29,30/10/2010 10:29
20,AOT,29/10/2010 10:29,30/10/2010 10:29
21,AP,29/10/2010 10:29,30/10/2010 10:29
22,APRINT,29/10/2010 10:29,30/10/2010 10:29
23,APURE,29/10/2010 10:29,30/10/2010 10:29
24,AS,29/10/2010 10:29,30/10/2010 10:29
25,ASCON,29/10/2010 10:29,30/10/2010 10:29
26,ASIA,29/10/2010 10:29,30/10/2010 10:29
27,ASIAN,29/10/2010 10:29,30/10/2010 10:29
28,ASIMAR,29/10/2010 10:29,30/10/2010 10:29
29,ASK,29/10/2010 10:29,30/10/2010 10:29
30,ASP,29/10/2010 10:29,30/10/2010 10:29
31,AYUD,29/10/2010 10:29,30/10/2010 10:29
32,BAFS,29/10/2010 10:29,30/10/2010 10:29
33,BANPU,29/10/2010 10:29,30/10/2010 10:29
34,BATA,29/10/2010 10:29,30/10/2010 10:29
35,BAY,29/10/2010 10:29,30/10/2010 10:29
36,BBL,29/10/2010 10:29,30/10/2010 10:29
37,BCP,29/10/2010 10:29,30/10/2010 10:29
38,BEC,29/10/2010 10:29,30/10/2010 10:29
39,BECL,29/10/2010 10:29,30/10/2010 10:29
40,BFIT,29/10/2010 10:29,30/10/2010 10:29
41,BGH,29/10/2010 10:29,30/10/2010 10:29
42,BGT,29/10/2010 10:29,30/10/2010 10:29
43,BH,29/10/2010 10:29,30/10/2010 10:29
44,BIGC,29/10/2010 10:29,30/10/2010 10:29
45,BJC,29/10/2010 10:29,30/10/2010 10:29
46,BKI,29/10/2010 10:29,30/10/2010 10:29
47,BLAND,29/10/2010 10:29,30/10/2010 10:29
48,BLISS,29/10/2010 10:29,30/10/2010 10:29
49,BLS,29/10/2010 10:29,30/10/2010 10:29
50,BMCL,29/10/2010 10:29,30/10/2010 10:29
51,BNC,29/10/2010 10:29,30/10/2010 10:29
52,BOL,29/10/2010 10:29,30/10/2010 10:29
53,BROCK,29/10/2010 10:29,30/10/2010 10:29
54,BROOK,29/10/2010 10:29,30/10/2010 10:29
55,BSBM,29/10/2010 10:29,30/10/2010 10:29
56,BSEC,29/10/2010 10:29,30/10/2010 10:29
57,BSM,29/10/2010 10:29,30/10/2010 10:29
58,BTC,29/10/2010 10:29,30/10/2010 10:29
59,BTNC,29/10/2010 10:29,30/10/2010 10:29
60,BUI,29/10/2010 10:29,30/10/2010 10:29
61,BWG,29/10/2010 10:29,30/10/2010 10:29
62,CAWOW,29/10/2010 10:29,30/10/2010 10:29
63,CCET,29/10/2010 10:29,30/10/2010 10:29
64,CCP,29/10/2010 10:29,30/10/2010 10:29
65,CEI,29/10/2010 10:29,30/10/2010 10:29
66,CEN,29/10/2010 10:29,30/10/2010 10:29
67,CENTEL,29/10/2010 10:29,30/10/2010 10:29
68,CFRESH,29/10/2010 10:29,30/10/2010 10:29
69,CGS,29/10/2010 10:29,30/10/2010 10:29
70,CHARAN,29/10/2010 10:29,30/10/2010 10:29
71,CHOTI,29/10/2010 10:29,30/10/2010 10:29
72,CHUO,29/10/2010 10:29,30/10/2010 10:29
73,CI,29/10/2010 10:29,30/10/2010 10:29
74,CIG,29/10/2010 10:29,30/10/2010 10:29
75,CIMBT,29/10/2010 10:29,30/10/2010 10:29
76,CITY,29/10/2010 10:29,30/10/2010 10:29
77,CK,29/10/2010 10:29,30/10/2010 10:29
78,CM,29/10/2010 10:29,30/10/2010 10:29
79,CMO,29/10/2010 10:29,30/10/2010 10:29
80,CMR,29/10/2010 10:29,30/10/2010 10:29
81,CNS,29/10/2010 10:29,30/10/2010 10:29
82,CNT,29/10/2010 10:29,30/10/2010 10:29
83,CPALL,29/10/2010 10:29,30/10/2010 10:29
84,CPF,29/10/2010 10:29,30/10/2010 10:29
85,CPH,29/10/2010 10:29,30/10/2010 10:29
86,CPI,29/10/2010 10:29,30/10/2010 10:29
87,CPL,29/10/2010 10:29,30/10/2010 10:29
88,CPN,29/10/2010 10:29,30/10/2010 10:29
89,CPNRF,29/10/2010 10:29,30/10/2010 10:29
90,CPR,29/10/2010 10:29,30/10/2010 10:29
91,CRANE,29/10/2010 10:29,30/10/2010 10:29
92,CSC,29/10/2010 10:29,30/10/2010 10:29
93,CSL,29/10/2010 10:29,30/10/2010 10:29
94,CSP,29/10/2010 10:29,30/10/2010 10:29
95,CSR,29/10/2010 10:29,30/10/2010 10:29
96,CTARAF,29/10/2010 10:29,30/10/2010 10:29
97,CTW,29/10/2010 10:29,30/10/2010 10:29
98,CWT,29/10/2010 10:29,30/10/2010 10:29
99,D1,29/10/2010 10:29,30/10/2010 10:29
100,DCC,29/10/2010 10:29,30/10/2010 10:29
101,DCON,29/10/2010 10:29,30/10/2010 10:29
102,DELTA,29/10/2010 10:29,30/10/2010 10:29
103,DEMCO,29/10/2010 10:29,30/10/2010 10:29
104,DIMET,29/10/2010 10:29,30/10/2010 10:29
105,DISTAR,29/10/2010 10:29,30/10/2010 10:29
106,DM,29/10/2010 10:29,30/10/2010 10:29
107,DRACO,29/10/2010 10:29,30/10/2010 10:29
108,DRT,29/10/2010 10:29,30/10/2010 10:29
109,DSGT,29/10/2010 10:29,30/10/2010 10:29
110,DTAC,29/10/2010 10:29,30/10/2010 10:29
111,DTC,29/10/2010 10:29,30/10/2010 10:29
112,DTCI,29/10/2010 10:29,30/10/2010 10:29
113,E,29/10/2010 10:29,30/10/2010 10:29
114,EASON,29/10/2010 10:29,30/10/2010 10:29
115,EASTW,29/10/2010 10:29,30/10/2010 10:29
116,ECL,29/10/2010 10:29,30/10/2010 10:29
117,EGCO,29/10/2010 10:29,30/10/2010 10:29
118,EIC,29/10/2010 10:29,30/10/2010 10:29
119,EMC,29/10/2010 10:29,30/10/2010 10:29
120,EPCO,29/10/2010 10:29,30/10/2010 10:29
121,ERAWAN,29/10/2010 10:29,30/10/2010 10:29
122,ESSO,29/10/2010 10:29,30/10/2010 10:29
123,ESTAR,29/10/2010 10:29,30/10/2010 10:29
124,ETG,29/10/2010 10:29,30/10/2010 10:29
125,EVER,29/10/2010 10:29,30/10/2010 10:29
126,FANCY,29/10/2010 10:29,30/10/2010 10:29
127,FE,29/10/2010 10:29,30/10/2010 10:29
128,FMT,29/10/2010 10:29,30/10/2010 10:29
129,FNS,29/10/2010 10:29,30/10/2010 10:29
130,FOCUS,29/10/2010 10:29,30/10/2010 10:29
131,FORTH,29/10/2010 10:29,30/10/2010 10:29
132,FUTUREPF,29/10/2010 10:29,30/10/2010 10:29
133,GBX,29/10/2010 10:29,30/10/2010 10:29
134,GC,29/10/2010 10:29,30/10/2010 10:29
135,GEN,29/10/2010 10:29,30/10/2010 10:29
136,GENCO,29/10/2010 10:29,30/10/2010 10:29
137,GFM,29/10/2010 10:29,30/10/2010 10:29
138,GFPT,29/10/2010 10:29,30/10/2010 10:29
139,GJS,29/10/2010 10:29,30/10/2010 10:29
140,GL,29/10/2010 10:29,30/10/2010 10:29
141,GLOW,29/10/2010 10:29,30/10/2010 10:29
142,GOLD,29/10/2010 10:29,30/10/2010 10:29
143,GRAMMY,29/10/2010 10:29,30/10/2010 10:29
144,GRAND,29/10/2010 10:29,30/10/2010 10:29
145,GSTEEL,29/10/2010 10:29,30/10/2010 10:29
146,GYT,29/10/2010 10:29,30/10/2010 10:29
147,HANA,29/10/2010 10:29,30/10/2010 10:29
148,HEMRAJ,29/10/2010 10:29,30/10/2010 10:29
149,HFT,29/10/2010 10:29,30/10/2010 10:29
150,HMPRO,29/10/2010 10:29,30/10/2010 10:29
151,HTC,29/10/2010 10:29,30/10/2010 10:29
152,HTECH,29/10/2010 10:29,30/10/2010 10:29
153,ICC,29/10/2010 10:29,30/10/2010 10:29
154,IEC,29/10/2010 10:29,30/10/2010 10:29
155,IFEC,29/10/2010 10:29,30/10/2010 10:29
156,IHL,29/10/2010 10:29,30/10/2010 10:29
157,ILINK,29/10/2010 10:29,30/10/2010 10:29
158,INET,29/10/2010 10:29,30/10/2010 10:29
159,INOX,29/10/2010 10:29,30/10/2010 10:29
160,INSURE,29/10/2010 10:29,30/10/2010 10:29
161,IRC,29/10/2010 10:29,30/10/2010 10:29
162,IRCP,29/10/2010 10:29,30/10/2010 10:29
163,IRPC,29/10/2010 10:29,30/10/2010 10:29
164,IT,29/10/2010 10:29,30/10/2010 10:29
165,ITD,29/10/2010 10:29,30/10/2010 10:29
166,IVL,29/10/2010 10:29,30/10/2010 10:29
167,JAS,29/10/2010 10:29,30/10/2010 10:29
168,JCT,29/10/2010 10:29,30/10/2010 10:29
169,JTS,29/10/2010 10:29,30/10/2010 10:29
170,JUTHA,29/10/2010 10:29,30/10/2010 10:29
171,KASET,29/10/2010 10:29,30/10/2010 10:29
172,KBANK,29/10/2010 10:29,30/10/2010 10:29
173,KC,29/10/2010 10:29,30/10/2010 10:29
174,KCAR,29/10/2010 10:29,30/10/2010 10:29
175,KCE,29/10/2010 10:29,30/10/2010 10:29
176,KDH,29/10/2010 10:29,30/10/2010 10:29
177,KEST,29/10/2010 10:29,30/10/2010 10:29
178,KGI,29/10/2010 10:29,30/10/2010 10:29
179,KH,29/10/2010 10:29,30/10/2010 10:29
180,KK,29/10/2010 10:29,30/10/2010 10:29
181,KKC,29/10/2010 10:29,30/10/2010 10:29
182,KMC,29/10/2010 10:29,30/10/2010 10:29
183,KSL,29/10/2010 10:29,30/10/2010 10:29
184,KTB,29/10/2010 10:29,30/10/2010 10:29
185,KTC,29/10/2010 10:29,30/10/2010 10:29
186,KTECH,29/10/2010 10:29,30/10/2010 10:29
187,KTP,29/10/2010 10:29,30/10/2010 10:29
188,KWH,29/10/2010 10:29,30/10/2010 10:29
189,KYE,29/10/2010 10:29,30/10/2010 10:29
190,LALIN,29/10/2010 10:29,30/10/2010 10:29
191,LANNA,29/10/2010 10:29,30/10/2010 10:29
192,LEE,29/10/2010 10:29,30/10/2010 10:29
193,LH,29/10/2010 10:29,30/10/2010 10:29
194,LHK,29/10/2010 10:29,30/10/2010 10:29
195,LIVE,29/10/2010 10:29,30/10/2010 10:29
196,LL,29/10/2010 10:29,30/10/2010 10:29
197,LOXLEY,29/10/2010 10:29,30/10/2010 10:29
198,LPN,29/10/2010 10:29,30/10/2010 10:29
199,LRH,29/10/2010 10:29,30/10/2010 10:29
200,LST,29/10/2010 10:29,30/10/2010 10:29
201,LTX,29/10/2010 10:29,30/10/2010 10:29
202,LVT,29/10/2010 10:29,30/10/2010 10:29
203,MACO,29/10/2010 10:29,30/10/2010 10:29
204,MAJOR,29/10/2010 10:29,30/10/2010 10:29
205,MAKRO,29/10/2010 10:29,30/10/2010 10:29
206,MALEE,29/10/2010 10:29,30/10/2010 10:29
207,MANRIN,29/10/2010 10:29,30/10/2010 10:29
208,MATCH,29/10/2010 10:29,30/10/2010 10:29
209,MATI,29/10/2010 10:29,30/10/2010 10:29
210,MBAX,29/10/2010 10:29,30/10/2010 10:29
211,MBK,29/10/2010 10:29,30/10/2010 10:29
212,MCOT,29/10/2010 10:29,30/10/2010 10:29
213,MCS,29/10/2010 10:29,30/10/2010 10:29
214,MDX,29/10/2010 10:29,30/10/2010 10:29
215,MEDIAS,29/10/2010 10:29,30/10/2010 10:29
216,METCO,29/10/2010 10:29,30/10/2010 10:29
217,METRO,29/10/2010 10:29,30/10/2010 10:29
218,MFC,29/10/2010 10:29,30/10/2010 10:29
219,MFEC,29/10/2010 10:29,30/10/2010 10:29
220,MIDA,29/10/2010 10:29,30/10/2010 10:29
221,MILL,29/10/2010 10:29,30/10/2010 10:29
222,MINT,29/10/2010 10:29,30/10/2010 10:29
223,MJD,29/10/2010 10:29,30/10/2010 10:29
224,MJLF,29/10/2010 10:29,30/10/2010 10:29
225,MK,29/10/2010 10:29,30/10/2010 10:29
226,ML,29/10/2010 10:29,30/10/2010 10:29
227,MLINK,29/10/2010 10:29,30/10/2010 10:29
228,MME,29/10/2010 10:29,30/10/2010 10:29
229,MODERN,29/10/2010 10:29,30/10/2010 10:29
230,MPIC,29/10/2010 10:29,30/10/2010 10:29
231,MSC,29/10/2010 10:29,30/10/2010 10:29
232,MTI,29/10/2010 10:29,30/10/2010 10:29
233,NC,29/10/2010 10:29,30/10/2010 10:29
234,NCH,29/10/2010 10:29,30/10/2010 10:29
235,NEP,29/10/2010 10:29,30/10/2010 10:29
236,NEW,29/10/2010 10:29,30/10/2010 10:29
237,NIPPON,29/10/2010 10:29,30/10/2010 10:29
238,NKI,29/10/2010 10:29,30/10/2010 10:29
239,NMG,29/10/2010 10:29,30/10/2010 10:29
240,NNCL,29/10/2010 10:29,30/10/2010 10:29
241,NOBLE,29/10/2010 10:29,30/10/2010 10:29
242,NSI,29/10/2010 10:29,30/10/2010 10:29
243,NTV,29/10/2010 10:29,30/10/2010 10:29
244,NVL,29/10/2010 10:29,30/10/2010 10:29
245,NWR,29/10/2010 10:29,30/10/2010 10:29
246,OCC,29/10/2010 10:29,30/10/2010 10:29
247,OGC,29/10/2010 10:29,30/10/2010 10:29
248,OHTL,29/10/2010 10:29,30/10/2010 10:29
249,OISHI,29/10/2010 10:29,30/10/2010 10:29
250,PA,29/10/2010 10:29,30/10/2010 10:29
251,PAE,29/10/2010 10:29,30/10/2010 10:29
252,PAF,29/10/2010 10:29,30/10/2010 10:29
253,PAP,29/10/2010 10:29,30/10/2010 10:29
254,PATKL,29/10/2010 10:29,30/10/2010 10:29
255,PATO,29/10/2010 10:29,30/10/2010 10:29
256,PB,29/10/2010 10:29,30/10/2010 10:29
257,PDI,29/10/2010 10:29,30/10/2010 10:29
258,PE,29/10/2010 10:29,30/10/2010 10:29
259,PERM,29/10/2010 10:29,30/10/2010 10:29
260,PF,29/10/2010 10:29,30/10/2010 10:29
261,PG,29/10/2010 10:29,30/10/2010 10:29
262,PHATRA,29/10/2010 10:29,30/10/2010 10:29
263,PICNI,29/10/2010 10:29,30/10/2010 10:29
264,PICO,29/10/2010 10:29,30/10/2010 10:29
265,PL,29/10/2010 10:29,30/10/2010 10:29
266,PLE,29/10/2010 10:29,30/10/2010 10:29
267,PM,29/10/2010 10:29,30/10/2010 10:29
268,POST,29/10/2010 10:29,30/10/2010 10:29
269,POWER,29/10/2010 10:29,30/10/2010 10:29
270,PPC,29/10/2010 10:29,30/10/2010 10:29
271,PPM,29/10/2010 10:29,30/10/2010 10:29
272,PR,29/10/2010 10:29,30/10/2010 10:29
273,PR124,29/10/2010 10:29,30/10/2010 10:29
274,PRANDA,29/10/2010 10:29,30/10/2010 10:29
275,PREB,29/10/2010 10:29,30/10/2010 10:29
276,PRECHA,29/10/2010 10:29,30/10/2010 10:29
277,PRG,29/10/2010 10:29,30/10/2010 10:29
278,PRIN,29/10/2010 10:29,30/10/2010 10:29
279,PRO,29/10/2010 10:29,30/10/2010 10:29
280,PS,29/10/2010 10:29,30/10/2010 10:29
281,PSAAP,29/10/2010 10:29,30/10/2010 10:29
282,PSL,29/10/2010 10:29,30/10/2010 10:29
283,PT,29/10/2010 10:29,30/10/2010 10:29
284,PTL,29/10/2010 10:29,30/10/2010 10:29
285,PTT,29/10/2010 10:29,30/10/2010 10:29
286,PTTAR,29/10/2010 10:29,30/10/2010 10:29
287,PTTCH,29/10/2010 10:29,30/10/2010 10:29
288,PTTEP,29/10/2010 10:29,30/10/2010 10:29
289,PYLON,29/10/2010 10:29,30/10/2010 10:29
290,QH,29/10/2010 10:29,30/10/2010 10:29
291,QHPF,29/10/2010 10:29,30/10/2010 10:29
292,QLT,29/10/2010 10:29,30/10/2010 10:29
293,RAIMON,29/10/2010 10:29,30/10/2010 10:29
294,RAM,29/10/2010 10:29,30/10/2010 10:29
295,RASA,29/10/2010 10:29,30/10/2010 10:29
296,RATCH,29/10/2010 10:29,30/10/2010 10:29
297,RCI,29/10/2010 10:29,30/10/2010 10:29
298,RCL,29/10/2010 10:29,30/10/2010 10:29
299,RICH,29/10/2010 10:29,30/10/2010 10:29
300,ROBINS,29/10/2010 10:29,30/10/2010 10:29
301,ROCK,29/10/2010 10:29,30/10/2010 10:29
302,ROH,29/10/2010 10:29,30/10/2010 10:29
303,ROJNA,29/10/2010 10:29,30/10/2010 10:29
304,RPC,29/10/2010 10:29,30/10/2010 10:29
305,RS,29/10/2010 10:29,30/10/2010 10:29
306,SABINA,29/10/2010 10:29,30/10/2010 10:29
307,SALEE,29/10/2010 10:29,30/10/2010 10:29
308,SAM,29/10/2010 10:29,30/10/2010 10:29
309,SAMART,29/10/2010 10:29,30/10/2010 10:29
310,SAMCO,29/10/2010 10:29,30/10/2010 10:29
311,SAMTEL,29/10/2010 10:29,30/10/2010 10:29
312,SAT,29/10/2010 10:29,30/10/2010 10:29
313,SAUCE,29/10/2010 10:29,30/10/2010 10:29
314,SAWANG,29/10/2010 10:29,30/10/2010 10:29
315,SC,29/10/2010 10:29,30/10/2010 10:29
316,SCAN,29/10/2010 10:29,30/10/2010 10:29
317,SCB,29/10/2010 10:29,30/10/2010 10:29
318,SCC,29/10/2010 10:29,30/10/2010 10:29
319,SCCC,29/10/2010 10:29,30/10/2010 10:29
320,SCG,29/10/2010 10:29,30/10/2010 10:29
321,SCIB,29/10/2010 10:29,30/10/2010 10:29
322,SCNYL,29/10/2010 10:29,30/10/2010 10:29
323,SCP,29/10/2010 10:29,30/10/2010 10:29
324,SCSMG,29/10/2010 10:29,30/10/2010 10:29
325,SEAFCO,29/10/2010 10:29,30/10/2010 10:29
326,SECC,29/10/2010 10:29,30/10/2010 10:29
327,SF,29/10/2010 10:29,30/10/2010 10:29
328,SFP,29/10/2010 10:29,30/10/2010 10:29
329,SGF,29/10/2010 10:29,30/10/2010 10:29
330,SGP,29/10/2010 10:29,30/10/2010 10:29
331,SH,29/10/2010 10:29,30/10/2010 10:29
332,SHANG,29/10/2010 10:29,30/10/2010 10:29
333,SHIN,29/10/2010 10:29,30/10/2010 10:29
334,SIAM,29/10/2010 10:29,30/10/2010 10:29
335,SICCO,29/10/2010 10:29,30/10/2010 10:29
336,SIM,29/10/2010 10:29,30/10/2010 10:29
337,SIMAT,29/10/2010 10:29,30/10/2010 10:29
338,SINGER,29/10/2010 10:29,30/10/2010 10:29
339,SINGHA,29/10/2010 10:29,30/10/2010 10:29
340,SIRI,29/10/2010 10:29,30/10/2010 10:29
341,SIS,29/10/2010 10:29,30/10/2010 10:29
342,SITHAI,29/10/2010 10:29,30/10/2010 10:29
343,SKR,29/10/2010 10:29,30/10/2010 10:29
344,SLC,29/10/2010 10:29,30/10/2010 10:29
345,SMC,29/10/2010 10:29,30/10/2010 10:29
346,SMIT,29/10/2010 10:29,30/10/2010 10:29
347,SMK,29/10/2010 10:29,30/10/2010 10:29
348,SMM,29/10/2010 10:29,30/10/2010 10:29
349,SNC,29/10/2010 10:29,30/10/2010 10:29
350,SOLAR,29/10/2010 10:29,30/10/2010 10:29
351,SORKON,29/10/2010 10:29,30/10/2010 10:29
352,SPACK,29/10/2010 10:29,30/10/2010 10:29
353,SPALI,29/10/2010 10:29,30/10/2010 10:29
354,SPC,29/10/2010 10:29,30/10/2010 10:29
355,SPF,29/10/2010 10:29,30/10/2010 10:29
356,SPG,29/10/2010 10:29,30/10/2010 10:29
357,SPI,29/10/2010 10:29,30/10/2010 10:29
358,SPORT,29/10/2010 10:29,30/10/2010 10:29
359,SPPT,29/10/2010 10:29,30/10/2010 10:29
360,SPSU,29/10/2010 10:29,30/10/2010 10:29
361,SSC,29/10/2010 10:29,30/10/2010 10:29
362,SSE,29/10/2010 10:29,30/10/2010 10:29
363,SSEC,29/10/2010 10:29,30/10/2010 10:29
364,SSF,29/10/2010 10:29,30/10/2010 10:29
365,SSI,29/10/2010 10:29,30/10/2010 10:29
366,SSSC,29/10/2010 10:29,30/10/2010 10:29
367,SST,29/10/2010 10:29,30/10/2010 10:29
368,STA,29/10/2010 10:29,30/10/2010 10:29
369,STANLY,29/10/2010 10:29,30/10/2010 10:29
370,STAR,29/10/2010 10:29,30/10/2010 10:29
371,STEC,29/10/2010 10:29,30/10/2010 10:29
372,STEEL,29/10/2010 10:29,30/10/2010 10:29
373,STHAI,29/10/2010 10:29,30/10/2010 10:29
374,STPI,29/10/2010 10:29,30/10/2010 10:29
375,SUC,29/10/2010 10:29,30/10/2010 10:29
376,SUN,29/10/2010 10:29,30/10/2010 10:29
377,SUPER,29/10/2010 10:29,30/10/2010 10:29
378,SUSCO,29/10/2010 10:29,30/10/2010 10:29
379,SVH,29/10/2010 10:29,30/10/2010 10:29
380,SVI,29/10/2010 10:29,30/10/2010 10:29
381,SVOA,29/10/2010 10:29,30/10/2010 10:29
382,SWC,29/10/2010 10:29,30/10/2010 10:29
383,SYNEX,29/10/2010 10:29,30/10/2010 10:29
384,SYNTEC,29/10/2010 10:29,30/10/2010 10:29
385,TAPAC,29/10/2010 10:29,30/10/2010 10:29
386,TASCO,29/10/2010 10:29,30/10/2010 10:29
387,TBSP,29/10/2010 10:29,30/10/2010 10:29
388,TC,29/10/2010 10:29,30/10/2010 10:29
389,TCAP,29/10/2010 10:29,30/10/2010 10:29
390,TCB,29/10/2010 10:29,30/10/2010 10:29
391,TCC,29/10/2010 10:29,30/10/2010 10:29
392,TCCC,29/10/2010 10:29,30/10/2010 10:29
393,TCJ,29/10/2010 10:29,30/10/2010 10:29
394,TCMC,29/10/2010 10:29,30/10/2010 10:29
395,TCOAT,29/10/2010 10:29,30/10/2010 10:29
396,TCP,29/10/2010 10:29,30/10/2010 10:29
397,TEAM,29/10/2010 10:29,30/10/2010 10:29
398,TF,29/10/2010 10:29,30/10/2010 10:29
399,TFD,29/10/2010 10:29,30/10/2010 10:29
400,TFI,29/10/2010 10:29,30/10/2010 10:29
401,TGCI,29/10/2010 10:29,30/10/2010 10:29
402,TGPRO,29/10/2010 10:29,30/10/2010 10:29
403,THAI,29/10/2010 10:29,30/10/2010 10:29
404,THANI,29/10/2010 10:29,30/10/2010 10:29
405,THCOM,29/10/2010 10:29,30/10/2010 10:29
406,THIP,29/10/2010 10:29,30/10/2010 10:29
407,THL,29/10/2010 10:29,30/10/2010 10:29
408,THRE,29/10/2010 10:29,30/10/2010 10:29
409,TIC,29/10/2010 10:29,30/10/2010 10:29
410,TICON,29/10/2010 10:29,30/10/2010 10:29
411,TIES,29/10/2010 10:29,30/10/2010 10:29
412,TIP,29/10/2010 10:29,30/10/2010 10:29
413,TIPCO,29/10/2010 10:29,30/10/2010 10:29
414,TISCO,29/10/2010 10:29,30/10/2010 10:29
415,TIW,29/10/2010 10:29,30/10/2010 10:29
416,TK,29/10/2010 10:29,30/10/2010 10:29
417,TKS,29/10/2010 10:29,30/10/2010 10:29
418,TKT,29/10/2010 10:29,30/10/2010 10:29
419,TLUXE,29/10/2010 10:29,30/10/2010 10:29
420,TMB,29/10/2010 10:29,30/10/2010 10:29
421,TMD,29/10/2010 10:29,30/10/2010 10:29
422,TMT,29/10/2010 10:29,30/10/2010 10:29
423,TMW,29/10/2010 10:29,30/10/2010 10:29
424,TNDT,29/10/2010 10:29,30/10/2010 10:29
425,TNH,29/10/2010 10:29,30/10/2010 10:29
426,TNITY,29/10/2010 10:29,30/10/2010 10:29
427,TNL,29/10/2010 10:29,30/10/2010 10:29
428,TNPC,29/10/2010 10:29,30/10/2010 10:29
429,TOG,29/10/2010 10:29,30/10/2010 10:29
430,TOP,29/10/2010 10:29,30/10/2010 10:29
431,TOPP,29/10/2010 10:29,30/10/2010 10:29
432,TPA,29/10/2010 10:29,30/10/2010 10:29
433,TPAC,29/10/2010 10:29,30/10/2010 10:29
434,TPC,29/10/2010 10:29,30/10/2010 10:29
435,TPCORP,29/10/2010 10:29,30/10/2010 10:29
436,TPIPL,29/10/2010 10:29,30/10/2010 10:29
437,TPOLY,29/10/2010 10:29,30/10/2010 10:29
438,TPP,29/10/2010 10:29,30/10/2010 10:29
439,TR,29/10/2010 10:29,30/10/2010 10:29
440,TRC,29/10/2010 10:29,30/10/2010 10:29
441,TRS,29/10/2010 10:29,30/10/2010 10:29
442,TRT,29/10/2010 10:29,30/10/2010 10:29
443,TRU,29/10/2010 10:29,30/10/2010 10:29
444,TRUBB,29/10/2010 10:29,30/10/2010 10:29
445,TSC,29/10/2010 10:29,30/10/2010 10:29
446,TSI,29/10/2010 10:29,30/10/2010 10:29
447,TSTE,29/10/2010 10:29,30/10/2010 10:29
448,TSTH,29/10/2010 10:29,30/10/2010 10:29
449,TTA,29/10/2010 10:29,30/10/2010 10:29
450,TTCL,29/10/2010 10:29,30/10/2010 10:29
451,TTI,29/10/2010 10:29,30/10/2010 10:29
452,TTL,29/10/2010 10:29,30/10/2010 10:29
453,TTTM,29/10/2010 10:29,30/10/2010 10:29
454,TTW,29/10/2010 10:29,30/10/2010 10:29
455,TUCC,29/10/2010 10:29,30/10/2010 10:29
456,TUF,29/10/2010 10:29,30/10/2010 10:29
457,TVI,29/10/2010 10:29,30/10/2010 10:29
458,TVO,29/10/2010 10:29,30/10/2010 10:29
459,TWFP,29/10/2010 10:29,30/10/2010 10:29
460,TWP,29/10/2010 10:29,30/10/2010 10:29
461,TWZ,29/10/2010 10:29,30/10/2010 10:29
462,TYCN,29/10/2010 10:29,30/10/2010 10:29
463,TYM,29/10/2010 10:29,30/10/2010 10:29
464,TYONG,29/10/2010 10:29,30/10/2010 10:29
465,UBIS,29/10/2010 10:29,30/10/2010 10:29
466,UEC,29/10/2010 10:29,30/10/2010 10:29
467,UFM,29/10/2010 10:29,30/10/2010 10:29
468,UKEM,29/10/2010 10:29,30/10/2010 10:29
469,UMI,29/10/2010 10:29,30/10/2010 10:29
470,UMS,29/10/2010 10:29,30/10/2010 10:29
471,UNIQ,29/10/2010 10:29,30/10/2010 10:29
472,UOBKH,29/10/2010 10:29,30/10/2010 10:29
473,UP,29/10/2010 10:29,30/10/2010 10:29
474,UPF,29/10/2010 10:29,30/10/2010 10:29
475,UPOIC,29/10/2010 10:29,30/10/2010 10:29
476,US,29/10/2010 10:29,30/10/2010 10:29
477,UST,29/10/2010 10:29,30/10/2010 10:29
478,UT,29/10/2010 10:29,30/10/2010 10:29
479,UTP,29/10/2010 10:29,30/10/2010 10:29
480,UV,29/10/2010 10:29,30/10/2010 10:29
481,UVAN,29/10/2010 10:29,30/10/2010 10:29
482,VARO,29/10/2010 10:29,30/10/2010 10:29
483,VIBHA,29/10/2010 10:29,30/10/2010 10:29
484,VNG,29/10/2010 10:29,30/10/2010 10:29
485,VNT,29/10/2010 10:29,30/10/2010 10:29
486,WACOAL,29/10/2010 10:29,30/10/2010 10:29
487,WAVE,29/10/2010 10:29,30/10/2010 10:29
488,WG,29/10/2010 10:29,30/10/2010 10:29
489,WIN,29/10/2010 10:29,30/10/2010 10:29
490,WORK,29/10/2010 10:29,30/10/2010 10:29
491,YCI,29/10/2010 10:29,30/10/2010 10:29
492,YNP,29/10/2010 10:29,30/10/2010 10:29
493,YUASA,29/10/2010 10:29,30/10/2010 10:29
494,ZMICO,29/10/2010 10:29,30/10/2010 10:29
495,TRUE,29/10/2010 10:29,30/10/2010 10:29
